individual,parent1,parent2,family_name,category,selfing_generation,S0_name,RG_Sample_Code
CNJ01-8-2,NJ96-20,STEVENS,CNJ01-008,S1,1,CNJ98-325-33,VAC_155005_P010_WD06
CNJ01-8-4-B,NJ96-20,STEVENS,CNJ01-008,S1,1,CNJ98-325-33,VAC_155005_P011_WD09
CNJ01-8-5,NJ96-20,STEVENS,CNJ01-008,S1,1,CNJ98-325-33,VAC_155005_P012_WB03
CNJ01-8-6,NJ96-20,STEVENS,CNJ01-008,S1,1,CNJ98-325-33,VAC_155005_P011_WH03
CNJ01-8-7,NJ96-20,STEVENS,CNJ01-008,S1,1,CNJ98-325-33,VAC_155005_P010_WE04
CNJ01-8-9,NJ96-20,STEVENS,CNJ01-008,S1,1,CNJ98-325-33,VAC_155005_P011_WH02
CNJ01-8-12,NJ96-20,STEVENS,CNJ01-008,S1,1,CNJ98-325-33,VAC_155005_P010_WF08
CNJ01-8-13,NJ96-20,STEVENS,CNJ01-008,S1,1,CNJ98-325-33,VAC_155005_P013_WG05
CNJ01-8-14,NJ96-20,STEVENS,CNJ01-008,S1,1,CNJ98-325-33,VAC_155005_P013_WD11
CNJ01-8-15-B,NJ96-20,STEVENS,CNJ01-008,S1,1,CNJ98-325-33,
CNJ01-8-16,NJ96-20,STEVENS,CNJ01-008,S1,1,CNJ98-325-33,VAC_155005_P010_WC07
CNJ01-8-17,NJ96-20,STEVENS,CNJ01-008,S1,1,CNJ98-325-33,VAC_155005_P010_WH08
CNJ01-8-18,NJ96-20,STEVENS,CNJ01-008,S1,1,CNJ98-325-33,VAC_155005_P012_WA08
CNJ01-8-19,NJ96-20,STEVENS,CNJ01-008,S1,1,CNJ98-325-33,VAC_155005_P010_WH06
CNJ01-8-20-A,NJ96-20,STEVENS,CNJ01-008,S1,1,CNJ98-325-33,VAC_155005_P011_WC11
CNJ01-8-21,NJ96-20,STEVENS,CNJ01-008,S1,1,CNJ98-325-33,VAC_155005_P010_WC06
CNJ01-8-22,NJ96-20,STEVENS,CNJ01-008,S1,1,CNJ98-325-33,VAC_155005_P013_WH10
CNJ01-8-23,NJ96-20,STEVENS,CNJ01-008,S1,1,CNJ98-325-33,VAC_155005_P011_WB02
CNJ01-8-24,NJ96-20,STEVENS,CNJ01-008,S1,1,CNJ98-325-33,VAC_155005_P010_WC10
CNJ01-8-25-B,NJ96-20,STEVENS,CNJ01-008,S1,1,CNJ98-325-33,VAC_155005_P012_WC08
CNJ01-8-26,NJ96-20,STEVENS,CNJ01-008,S1,1,CNJ98-325-33,VAC_155005_P013_WB03
CNJ01-8-27,NJ96-20,STEVENS,CNJ01-008,S1,1,CNJ98-325-33,VAC_155005_P010_WG10
CNJ01-8-28,NJ96-20,STEVENS,CNJ01-008,S1,1,CNJ98-325-33,VAC_155005_P010_WC01
CNJ01-8-30,NJ96-20,STEVENS,CNJ01-008,S1,1,CNJ98-325-33,VAC_155005_P013_WG08
CNJ01-8-33,NJ96-20,STEVENS,CNJ01-008,S1,1,CNJ98-325-33,VAC_155005_P010_WB01
CNJ01-8-35,NJ96-20,STEVENS,CNJ01-008,S1,1,CNJ98-325-33,VAC_155005_P013_WB01
CNJ01-8-37-A,NJ96-20,STEVENS,CNJ01-008,S1,1,CNJ98-325-33,VAC_155005_P011_WB11
CNJ01-8-38,NJ96-20,STEVENS,CNJ01-008,S1,1,CNJ98-325-33,VAC_155005_P012_WE06
CNJ01-8-39,NJ96-20,STEVENS,CNJ01-008,S1,1,CNJ98-325-33,VAC_155005_P012_WD10
CNJ01-8-40,NJ96-20,STEVENS,CNJ01-008,S1,1,CNJ98-325-33,VAC_155005_P010_WB06
CNJ01-8-41,NJ96-20,STEVENS,CNJ01-008,S1,1,CNJ98-325-33,VAC_155005_P013_WB08
CNJ01-8-42,NJ96-20,STEVENS,CNJ01-008,S1,1,CNJ98-325-33,VAC_155005_P010_WD03
CNJ01-8-43,NJ96-20,STEVENS,CNJ01-008,S1,1,CNJ98-325-33,VAC_155005_P010_WC11
CNJ01-8-45,NJ96-20,STEVENS,CNJ01-008,S1,1,CNJ98-325-33,VAC_155005_P010_WE05
CNJ01-8-46-A,NJ96-20,STEVENS,CNJ01-008,S1,1,CNJ98-325-33,VAC_155005_P012_WC03
CNJ01-8-47,NJ96-20,STEVENS,CNJ01-008,S1,1,CNJ98-325-33,VAC_155005_P012_WF01
CNJ01-8-48,NJ96-20,STEVENS,CNJ01-008,S1,1,CNJ98-325-33,VAC_155005_P010_WG05
CNJ01-8-50,NJ96-20,STEVENS,CNJ01-008,S1,1,CNJ98-325-33,VAC_155005_P010_WF09
CNJ01-8-51,NJ96-20,STEVENS,CNJ01-008,S1,1,CNJ98-325-33,VAC_155005_P013_WG07
CNJ01-8-52,NJ96-20,STEVENS,CNJ01-008,S1,1,CNJ98-325-33,VAC_155005_P012_WH03
CNJ01-8-53,NJ96-20,STEVENS,CNJ01-008,S1,1,CNJ98-325-33,VAC_155005_P011_WE05
CNJ01-8-55,NJ96-20,STEVENS,CNJ01-008,S1,1,CNJ98-325-33,VAC_155005_P010_WC03
CNJ01-8-56,NJ96-20,STEVENS,CNJ01-008,S1,1,CNJ98-325-33,VAC_155005_P010_WA07
CNJ01-8-57,NJ96-20,STEVENS,CNJ01-008,S1,1,CNJ98-325-33,VAC_155005_P013_WC11
CNJ01-8-58,NJ96-20,STEVENS,CNJ01-008,S1,1,CNJ98-325-33,VAC_155005_P013_WG10
CNJ01-8-59,NJ96-20,STEVENS,CNJ01-008,S1,1,CNJ98-325-33,VAC_155005_P010_WG07
CNJ01-8-60,NJ96-20,STEVENS,CNJ01-008,S1,1,CNJ98-325-33,VAC_155005_P013_WF07
CNJ01-8-61,NJ96-20,STEVENS,CNJ01-008,S1,1,CNJ98-325-33,VAC_155005_P013_WH01
CNJ01-8-62,NJ96-20,STEVENS,CNJ01-008,S1,1,CNJ98-325-33,VAC_155005_P012_WA12
CNJ01-8-63,NJ96-20,STEVENS,CNJ01-008,S1,1,CNJ98-325-33,VAC_155005_P012_WB08
CNJ01-8-64,NJ96-20,STEVENS,CNJ01-008,S1,1,CNJ98-325-33,VAC_155005_P013_WG04
CNJ01-8-65,NJ96-20,STEVENS,CNJ01-008,S1,1,CNJ98-325-33,
CNJ01-8-66,NJ96-20,STEVENS,CNJ01-008,S1,1,CNJ98-325-33,VAC_155005_P010_WE07
CNJ01-8-68,NJ96-20,STEVENS,CNJ01-008,S1,1,CNJ98-325-33,VAC_155005_P012_WG08
CNJ01-8-69,NJ96-20,STEVENS,CNJ01-008,S1,1,CNJ98-325-33,VAC_155005_P013_WA08
CNJ01-8-70,NJ96-20,STEVENS,CNJ01-008,S1,1,CNJ98-325-33,VAC_155005_P011_WA09
CNJ01-8-71,NJ96-20,STEVENS,CNJ01-008,S1,1,CNJ98-325-33,VAC_155005_P013_WC01
CNJ01-8-72,NJ96-20,STEVENS,CNJ01-008,S1,1,CNJ98-325-33,VAC_155005_P011_WF10
CNJ01-8-73,NJ96-20,STEVENS,CNJ01-008,S1,1,CNJ98-325-33,VAC_155005_P010_WB08
CNJ01-8-74,NJ96-20,STEVENS,CNJ01-008,S1,1,CNJ98-325-33,VAC_155005_P010_WH07
CNJ01-8-76,NJ96-20,STEVENS,CNJ01-008,S1,1,CNJ98-325-33,VAC_155005_P012_WD05
CNJ01-8-77,NJ96-20,STEVENS,CNJ01-008,S1,1,CNJ98-325-33,VAC_155005_P010_WA08
CNJ01-8-79,NJ96-20,STEVENS,CNJ01-008,S1,1,CNJ98-325-33,VAC_155005_P010_WH10
CNJ01-8-81,NJ96-20,STEVENS,CNJ01-008,S1,1,CNJ98-325-33,VAC_155005_P011_WH06
CNJ01-8-82,NJ96-20,STEVENS,CNJ01-008,S1,1,CNJ98-325-33,VAC_155005_P010_WB05
CNJ01-8-83,NJ96-20,STEVENS,CNJ01-008,S1,1,CNJ98-325-33,VAC_155005_P012_WH05
CNJ01-8-85,NJ96-20,STEVENS,CNJ01-008,S1,1,CNJ98-325-33,VAC_155005_P012_WH12
CNJ01-8-88,NJ96-20,STEVENS,CNJ01-008,S1,1,CNJ98-325-33,VAC_155005_P011_WA01
CNJ01-8-91,NJ96-20,STEVENS,CNJ01-008,S1,1,CNJ98-325-33,VAC_155005_P011_WB05
CNJ01-8-92,NJ96-20,STEVENS,CNJ01-008,S1,1,CNJ98-325-33,VAC_155005_P012_WE05
CNJ01-8-94,NJ96-20,STEVENS,CNJ01-008,S1,1,CNJ98-325-33,VAC_155005_P012_WE04
CNJ01-8-95,NJ96-20,STEVENS,CNJ01-008,S1,1,CNJ98-325-33,VAC_155005_P011_WA04
CNJ01-8-96,NJ96-20,STEVENS,CNJ01-008,S1,1,CNJ98-325-33,VAC_155005_P012_WD11
CNJ01-8-97,NJ96-20,STEVENS,CNJ01-008,S1,1,CNJ98-325-33,VAC_155005_P013_WC08
CNJ01-8-98,NJ96-20,STEVENS,CNJ01-008,S1,1,CNJ98-325-33,VAC_155005_P012_WB02
CNJ01-8-104,NJ96-20,STEVENS,CNJ01-008,S1,1,CNJ98-325-33,VAC_155005_P010_WB10
CNJ01-8-105,NJ96-20,STEVENS,CNJ01-008,S1,1,CNJ98-325-33,VAC_155005_P012_WA01
CNJ01-8-106,NJ96-20,STEVENS,CNJ01-008,S1,1,CNJ98-325-33,VAC_155005_P011_WD12
CNJ01-8-108,NJ96-20,STEVENS,CNJ01-008,S1,1,CNJ98-325-33,VAC_155005_P012_WC05
CNJ01-8-111,NJ96-20,STEVENS,CNJ01-008,S1,1,CNJ98-325-33,VAC_155005_P011_WC03
CNJ01-8-113,NJ96-20,STEVENS,CNJ01-008,S1,1,CNJ98-325-33,VAC_155005_P011_WB08
CNJ01-8-114,NJ96-20,STEVENS,CNJ01-008,S1,1,CNJ98-325-33,VAC_155005_P012_WH04
CNJ01-8-115,NJ96-20,STEVENS,CNJ01-008,S1,1,CNJ98-325-33,VAC_155005_P012_WB12
CNJ01-8-116,NJ96-20,STEVENS,CNJ01-008,S1,1,CNJ98-325-33,
CNJ01-8-117,NJ96-20,STEVENS,CNJ01-008,S1,1,CNJ98-325-33,VAC_155005_P012_WF02
CNJ01-8-120,NJ96-20,STEVENS,CNJ01-008,S1,1,CNJ98-325-33,VAC_155005_P011_WB03
CNJ01-8-122,NJ96-20,STEVENS,CNJ01-008,S1,1,CNJ98-325-33,VAC_155005_P012_WC01
CNJ01-8-124,NJ96-20,STEVENS,CNJ01-008,S1,1,CNJ98-325-33,VAC_155005_P010_WD11
CNJ01-8-125,NJ96-20,STEVENS,CNJ01-008,S1,1,CNJ98-325-33,VAC_155005_P012_WG10
CNJ01-8-126,NJ96-20,STEVENS,CNJ01-008,S1,1,CNJ98-325-33,VAC_155005_P013_WF11
CNJ01-8-127,NJ96-20,STEVENS,CNJ01-008,S1,1,CNJ98-325-33,VAC_155005_P012_WG07
CNJ01-8-129,NJ96-20,STEVENS,CNJ01-008,S1,1,CNJ98-325-33,VAC_155005_P011_WD10
CNJ01-8-131,NJ96-20,STEVENS,CNJ01-008,S1,1,CNJ98-325-33,VAC_155005_P010_WH11
CNJ01-8-132,NJ96-20,STEVENS,CNJ01-008,S1,1,CNJ98-325-33,VAC_155005_P012_WG12
CNJ01-8-133,NJ96-20,STEVENS,CNJ01-008,S1,1,CNJ98-325-33,VAC_155005_P010_WF11
CNJ01-8-134,NJ96-20,STEVENS,CNJ01-008,S1,1,CNJ98-325-33,VAC_155005_P011_WF02
CNJ01-8-135,NJ96-20,STEVENS,CNJ01-008,S1,1,CNJ98-325-33,VAC_155005_P013_WF04
CNJ01-8-136,NJ96-20,STEVENS,CNJ01-008,S1,1,CNJ98-325-33,VAC_155005_P010_WH02
CNJ01-8-138,NJ96-20,STEVENS,CNJ01-008,S1,1,CNJ98-325-33,VAC_155005_P012_WH01
CNJ01-8-139,NJ96-20,STEVENS,CNJ01-008,S1,1,CNJ98-325-33,VAC_155005_P010_WA06
CNJ01-8-140,NJ96-20,STEVENS,CNJ01-008,S1,1,CNJ98-325-33,VAC_155005_P010_WF05
CNJ01-8-141,NJ96-20,STEVENS,CNJ01-008,S1,1,CNJ98-325-33,VAC_155005_P011_WB09
CNJ01-8-142,NJ96-20,STEVENS,CNJ01-008,S1,1,CNJ98-325-33,VAC_155005_P011_WB12
CNJ01-8-143,NJ96-20,STEVENS,CNJ01-008,S1,1,CNJ98-325-33,VAC_155005_P011_WG08
CNJ01-8-144,NJ96-20,STEVENS,CNJ01-008,S1,1,CNJ98-325-33,VAC_155005_P010_WG01
CNJ01-8-145,NJ96-20,STEVENS,CNJ01-008,S1,1,CNJ98-325-33,VAC_155005_P010_WA11
CNJ01-8-148,NJ96-20,STEVENS,CNJ01-008,S1,1,CNJ98-325-33,VAC_155005_P013_WH05
CNJ01-8-149,NJ96-20,STEVENS,CNJ01-008,S1,1,CNJ98-325-33,VAC_155005_P011_WC12
CNJ01-8-150,NJ96-20,STEVENS,CNJ01-008,S1,1,CNJ98-325-33,VAC_155005_P013_WA07
CNJ01-8-151,NJ96-20,STEVENS,CNJ01-008,S1,1,CNJ98-325-33,VAC_155005_P013_WG09
CNJ01-8-152,NJ96-20,STEVENS,CNJ01-008,S1,1,CNJ98-325-33,VAC_155005_P012_WA04
CNJ01-8-154,NJ96-20,STEVENS,CNJ01-008,S1,1,CNJ98-325-33,VAC_155005_P010_WG02
CNJ01-8-157,NJ96-20,STEVENS,CNJ01-008,S1,1,CNJ98-325-33,VAC_155005_P012_WD12
CNJ01-8-158,NJ96-20,STEVENS,CNJ01-008,S1,1,CNJ98-325-33,VAC_155005_P012_WB04
CNJ01-8-159,NJ96-20,STEVENS,CNJ01-008,S1,1,CNJ98-325-33,VAC_155005_P010_WE09
CNJ01-8-160,NJ96-20,STEVENS,CNJ01-008,S1,1,CNJ98-325-33,VAC_155005_P012_WG05
CNJ01-8-161,NJ96-20,STEVENS,CNJ01-008,S1,1,CNJ98-325-33,VAC_155005_P011_WG09
CNJ01-8-163,NJ96-20,STEVENS,CNJ01-008,S1,1,CNJ98-325-33,VAC_155005_P011_WC08
CNJ01-8-164,NJ96-20,STEVENS,CNJ01-008,S1,1,CNJ98-325-33,
CNJ01-8-165,NJ96-20,STEVENS,CNJ01-008,S1,1,CNJ98-325-33,VAC_155005_P013_WF03
CNJ01-8-166,NJ96-20,STEVENS,CNJ01-008,S1,1,CNJ98-325-33,VAC_155005_P012_WH08
CNJ01-8-168,NJ96-20,STEVENS,CNJ01-008,S1,1,CNJ98-325-33,VAC_155005_P010_WG03
CNJ01-8-169,NJ96-20,STEVENS,CNJ01-008,S1,1,CNJ98-325-33,VAC_155005_P011_WA03
CNJ01-8-170,NJ96-20,STEVENS,CNJ01-008,S1,1,CNJ98-325-33,VAC_155005_P012_WC10
CNJ01-8-171,NJ96-20,STEVENS,CNJ01-008,S1,1,CNJ98-325-33,VAC_155005_P013_WD10
CNJ01-8-172,NJ96-20,STEVENS,CNJ01-008,S1,1,CNJ98-325-33,VAC_155005_P013_WD07
CNJ01-8-173,NJ96-20,STEVENS,CNJ01-008,S1,1,CNJ98-325-33,VAC_155005_P010_WC02
CNJ01-8-174,NJ96-20,STEVENS,CNJ01-008,S1,1,CNJ98-325-33,VAC_155005_P010_WB11
CNJ01-8-175,NJ96-20,STEVENS,CNJ01-008,S1,1,CNJ98-325-33,VAC_155005_P011_WC09
CNJ01-8-177,NJ96-20,STEVENS,CNJ01-008,S1,1,CNJ98-325-33,VAC_155005_P012_WE02
CNJ01-8-178,NJ96-20,STEVENS,CNJ01-008,S1,1,CNJ98-325-33,VAC_155005_P012_WE07
CNJ01-8-179,NJ96-20,STEVENS,CNJ01-008,S1,1,CNJ98-325-33,VAC_155005_P010_WG08
CNJ01-8-180,NJ96-20,STEVENS,CNJ01-008,S1,1,CNJ98-325-33,VAC_155005_P011_WB10
CNJ01-8-181,NJ96-20,STEVENS,CNJ01-008,S1,1,CNJ98-325-33,VAC_155005_P012_WB11
CNJ01-8-182,NJ96-20,STEVENS,CNJ01-008,S1,1,CNJ98-325-33,VAC_155005_P012_WA02
CNJ01-8-183,NJ96-20,STEVENS,CNJ01-008,S1,1,CNJ98-325-33,VAC_155005_P012_WA10
CNJ01-8-184,NJ96-20,STEVENS,CNJ01-008,S1,1,CNJ98-325-33,VAC_155005_P012_WC02
CNJ01-8-187,NJ96-20,STEVENS,CNJ01-008,S1,1,CNJ98-325-33,VAC_155005_P010_WD07
CNJ01-8-192,NJ96-20,STEVENS,CNJ01-008,S1,1,CNJ98-325-33,VAC_155005_P012_WD07
CNJ01-8-194,NJ96-20,STEVENS,CNJ01-008,S1,1,CNJ98-325-33,VAC_155005_P010_WF07
CNJ01-8-196,NJ96-20,STEVENS,CNJ01-008,S1,1,CNJ98-325-33,VAC_155005_P010_WE12
CNJ01-8-197,NJ96-20,STEVENS,CNJ01-008,S1,1,CNJ98-325-33,VAC_155005_P013_WH04
CNJ01-8-200,NJ96-20,STEVENS,CNJ01-008,S1,1,CNJ98-325-33,VAC_155005_P011_WA08
CNJ01-8-203,NJ96-20,STEVENS,CNJ01-008,S1,1,CNJ98-325-33,VAC_155005_P013_WB09
CNJ01-8-204,NJ96-20,STEVENS,CNJ01-008,S1,1,CNJ98-325-33,VAC_155005_P012_WH09
CNJ01-8-205,NJ96-20,STEVENS,CNJ01-008,S1,1,CNJ98-325-33,VAC_155005_P010_WG06
CNJ01-8-206,NJ96-20,STEVENS,CNJ01-008,S1,1,CNJ98-325-33,VAC_155005_P012_WB07
CNJ01-8-207,NJ96-20,STEVENS,CNJ01-008,S1,1,CNJ98-325-33,VAC_155005_P011_WA07
CNJ01-8-208-A,NJ96-20,STEVENS,CNJ01-008,S1,1,CNJ98-325-33,VAC_155005_P010_WH03
CNJ01-8-208-B,NJ96-20,STEVENS,CNJ01-008,S1,1,CNJ98-325-33,VAC_155005_P013_WC09
CNJ01-8-209,NJ96-20,STEVENS,CNJ01-008,S1,1,CNJ98-325-33,VAC_155005_P012_WA05
CNJ01-8-210,NJ96-20,STEVENS,CNJ01-008,S1,1,CNJ98-325-33,VAC_155005_P012_WC11
CNJ01-8-211,NJ96-20,STEVENS,CNJ01-008,S1,1,CNJ98-325-33,VAC_155005_P012_WH11
CNJ03-79-1,BEN_LEAR,NJ96-127,CNJ03-079,S1,1,CNJ98-309-19,VAC_155005_P012_WF08
CNJ03-79-2,BEN_LEAR,NJ96-127,CNJ03-079,S1,1,CNJ98-309-19,VAC_155005_P013_WF08
CNJ03-79-3,BEN_LEAR,NJ96-127,CNJ03-079,S1,1,CNJ98-309-19,VAC_155005_P011_WC02
CNJ03-79-4,BEN_LEAR,NJ96-127,CNJ03-079,S1,1,CNJ98-309-19,VAC_155005_P010_WH09
CNJ03-79-5,BEN_LEAR,NJ96-127,CNJ03-079,S1,1,CNJ98-309-19,VAC_155005_P011_WB07
CNJ03-79-6,BEN_LEAR,NJ96-127,CNJ03-079,S1,1,CNJ98-309-19,VAC_155005_P011_WC06
CNJ03-79-7,BEN_LEAR,NJ96-127,CNJ03-079,S1,1,CNJ98-309-19,VAC_155005_P012_WD04
CNJ03-79-8,BEN_LEAR,NJ96-127,CNJ03-079,S1,1,CNJ98-309-19,VAC_155005_P011_WB01
CNJ03-79-9,BEN_LEAR,NJ96-127,CNJ03-079,S1,1,CNJ98-309-19,VAC_155005_P010_WA12
CNJ03-79-10,BEN_LEAR,NJ96-127,CNJ03-079,S1,1,CNJ98-309-19,VAC_155005_P012_WA03
CNJ03-79-11,BEN_LEAR,NJ96-127,CNJ03-079,S1,1,CNJ98-309-19,VAC_155005_P012_WD01
CNJ03-79-12,BEN_LEAR,NJ96-127,CNJ03-079,S1,1,CNJ98-309-19,VAC_155005_P011_WE12
CNJ03-79-13,BEN_LEAR,NJ96-127,CNJ03-079,S1,1,CNJ98-309-19,VAC_155005_P012_WF03
CNJ03-79-14,BEN_LEAR,NJ96-127,CNJ03-079,S1,1,CNJ98-309-19,VAC_155005_P011_WB06
CNJ03-79-15,BEN_LEAR,NJ96-127,CNJ03-079,S1,1,CNJ98-309-19,VAC_155005_P012_WD08
CNJ03-79-16,BEN_LEAR,NJ96-127,CNJ03-079,S1,1,CNJ98-309-19,VAC_155005_P012_WF05
CNJ03-79-17,BEN_LEAR,NJ96-127,CNJ03-079,S1,1,CNJ98-309-19,VAC_155005_P013_WE05
CNJ03-79-18,BEN_LEAR,NJ96-127,CNJ03-079,S1,1,CNJ98-309-19,VAC_155005_P011_WE11
CNJ03-79-19,BEN_LEAR,NJ96-127,CNJ03-079,S1,1,CNJ98-309-19,VAC_155005_P012_WA09
CNJ03-79-20,BEN_LEAR,NJ96-127,CNJ03-079,S1,1,CNJ98-309-19,VAC_155005_P013_WF09
CNJ03-79-21,BEN_LEAR,NJ96-127,CNJ03-079,S1,1,CNJ98-309-19,VAC_155005_P011_WG01
CNJ03-79-22,BEN_LEAR,NJ96-127,CNJ03-079,S1,1,CNJ98-309-19,VAC_155005_P012_WF07
CNJ03-79-23,BEN_LEAR,NJ96-127,CNJ03-079,S1,1,CNJ98-309-19,VAC_155005_P012_WA11
CNJ03-79-26,BEN_LEAR,NJ96-127,CNJ03-079,S1,1,CNJ98-309-19,VAC_155005_P013_WD02
CNJ03-79-27,BEN_LEAR,NJ96-127,CNJ03-079,S1,1,CNJ98-309-19,VAC_155005_P013_WF02
CNJ03-79-29,BEN_LEAR,NJ96-127,CNJ03-079,S1,1,CNJ98-309-19,VAC_155005_P011_WD02
CNJ03-79-30,BEN_LEAR,NJ96-127,CNJ03-079,S1,1,CNJ98-309-19,VAC_155005_P011_WH04
CNJ03-79-31,BEN_LEAR,NJ96-127,CNJ03-079,S1,1,CNJ98-309-19,VAC_155005_P011_WA02
CNJ03-79-32,BEN_LEAR,NJ96-127,CNJ03-079,S1,1,CNJ98-309-19,VAC_155005_P012_WG09
CNJ03-79-33,BEN_LEAR,NJ96-127,CNJ03-079,S1,1,CNJ98-309-19,VAC_155005_P013_WA02
CNJ03-79-34,BEN_LEAR,NJ96-127,CNJ03-079,S1,1,CNJ98-309-19,VAC_155005_P013_WD05
CNJ03-79-35,BEN_LEAR,NJ96-127,CNJ03-079,S1,1,CNJ98-309-19,VAC_155005_P010_WD05
CNJ03-79-36,BEN_LEAR,NJ96-127,CNJ03-079,S1,1,CNJ98-309-19,VAC_155005_P010_WB09
CNJ03-79-37,BEN_LEAR,NJ96-127,CNJ03-079,S1,1,CNJ98-309-19,VAC_155005_P012_WD06
CNJ03-79-38,BEN_LEAR,NJ96-127,CNJ03-079,S1,1,CNJ98-309-19,VAC_155005_P011_WG03
CNJ03-79-39,BEN_LEAR,NJ96-127,CNJ03-079,S1,1,CNJ98-309-19,VAC_155005_P013_WA04
CNJ03-79-40,BEN_LEAR,NJ96-127,CNJ03-079,S1,1,CNJ98-309-19,VAC_155005_P013_WG02
CNJ03-79-41,BEN_LEAR,NJ96-127,CNJ03-079,S1,1,CNJ98-309-19,VAC_155005_P012_WC06
CNJ03-79-42,BEN_LEAR,NJ96-127,CNJ03-079,S1,1,CNJ98-309-19,VAC_155005_P013_WA12
CNJ03-79-43,BEN_LEAR,NJ96-127,CNJ03-079,S1,1,CNJ98-309-19,VAC_155005_P011_WF07
CNJ08-401-1,NJ96-20,STEVENS,CNJ08-401,S1,1,CNJ98-325-33,VAC_155005_P013_WH03
CNJ08-401-2,NJ96-20,STEVENS,CNJ08-401,S1,1,CNJ98-325-33,VAC_155005_P011_WH11
CNJ08-401-3,NJ96-20,STEVENS,CNJ08-401,S1,1,CNJ98-325-33,VAC_155005_P010_WC09
CNJ08-401-4,NJ96-20,STEVENS,CNJ08-401,S1,1,CNJ98-325-33,VAC_155005_P012_WF10
CNJ08-401-5,NJ96-20,STEVENS,CNJ08-401,S1,1,CNJ98-325-33,VAC_155005_P013_WA01
CNJ08-401-6,NJ96-20,STEVENS,CNJ08-401,S1,1,CNJ98-325-33,VAC_155005_P013_WC04
CNJ08-401-7,NJ96-20,STEVENS,CNJ08-401,S1,1,CNJ98-325-33,VAC_155005_P011_WA06
CNJ08-401-8,NJ96-20,STEVENS,CNJ08-401,S1,1,CNJ98-325-33,VAC_155005_P010_WE06
CNJ08-401-9,NJ96-20,STEVENS,CNJ08-401,S1,1,CNJ98-325-33,VAC_155005_P011_WC10
CNJ08-401-10,NJ96-20,STEVENS,CNJ08-401,S1,1,CNJ98-325-33,VAC_155005_P013_WG01
CNJ08-401-11,NJ96-20,STEVENS,CNJ08-401,S1,1,CNJ98-325-33,VAC_155005_P010_WB07
CNJ08-401-12,NJ96-20,STEVENS,CNJ08-401,S1,1,CNJ98-325-33,VAC_155005_P012_WC09
CNJ08-401-12-B,NJ96-20,STEVENS,CNJ08-401,S1,1,CNJ98-325-33,VAC_155005_P011_WD06
CNJ08-401-13,NJ96-20,STEVENS,CNJ08-401,S1,1,CNJ98-325-33,VAC_155005_P010_WB04
CNJ08-401-14,NJ96-20,STEVENS,CNJ08-401,S1,1,CNJ98-325-33,VAC_155005_P011_WD05
CNJ08-401-15,NJ96-20,STEVENS,CNJ08-401,S1,1,CNJ98-325-33,VAC_155005_P013_WE09
CNJ08-401-16-A,NJ96-20,STEVENS,CNJ08-401,S1,1,CNJ98-325-33,VAC_155005_P012_WC04
CNJ08-401-16-B,NJ96-20,STEVENS,CNJ08-401,S1,1,CNJ98-325-33,VAC_155005_P011_WE06
CNJ08-401-17,NJ96-20,STEVENS,CNJ08-401,S1,1,CNJ98-325-33,VAC_155005_P010_WF04
CNJ08-401-18,NJ96-20,STEVENS,CNJ08-401,S1,1,CNJ98-325-33,VAC_155005_P013_WG11
CNJ08-401-19,NJ96-20,STEVENS,CNJ08-401,S1,1,CNJ98-325-33,VAC_155005_P013_WB02
CNJ08-401-20,NJ96-20,STEVENS,CNJ08-401,S1,1,CNJ98-325-33,VAC_155005_P010_WA05
CNJ08-401-21,NJ96-20,STEVENS,CNJ08-401,S1,1,CNJ98-325-33,VAC_155005_P011_WF03
CNJ08-401-22,NJ96-20,STEVENS,CNJ08-401,S1,1,CNJ98-325-33,VAC_155005_P011_WC01
CNJ08-401-23,NJ96-20,STEVENS,CNJ08-401,S1,1,CNJ98-325-33,VAC_155005_P013_WE03
CNJ08-401-24,NJ96-20,STEVENS,CNJ08-401,S1,1,CNJ98-325-33,VAC_155005_P010_WD01
CNJ08-401-25,NJ96-20,STEVENS,CNJ08-401,S1,1,CNJ98-325-33,VAC_155005_P013_WF05
CNJ08-401-26,NJ96-20,STEVENS,CNJ08-401,S1,1,CNJ98-325-33,VAC_155005_P012_WE12
CNJ08-401-27,NJ96-20,STEVENS,CNJ08-401,S1,1,CNJ98-325-33,VAC_155005_P011_WC07
CNJ08-401-28,NJ96-20,STEVENS,CNJ08-401,S1,1,CNJ98-325-33,VAC_155005_P011_WG07
CNJ08-401-29,NJ96-20,STEVENS,CNJ08-401,S1,1,CNJ98-325-33,VAC_155005_P013_WE10
CNJ08-401-30,NJ96-20,STEVENS,CNJ08-401,S1,1,CNJ98-325-33,VAC_155005_P011_WD03
CNJ08-401-31,NJ96-20,STEVENS,CNJ08-401,S1,1,CNJ98-325-33,VAC_155005_P011_WG11
CNJ08-401-32,NJ96-20,STEVENS,CNJ08-401,S1,1,CNJ98-325-33,VAC_155005_P010_WE08
CNJ08-401-33,NJ96-20,STEVENS,CNJ08-401,S1,1,CNJ98-325-33,VAC_155005_P013_WG03
CNJ08-401-34,NJ96-20,STEVENS,CNJ08-401,S1,1,CNJ98-325-33,VAC_155005_P011_WF11
CNJ08-401-35,NJ96-20,STEVENS,CNJ08-401,S1,1,CNJ98-325-33,VAC_155005_P013_WB10
CNJ08-401-36,NJ96-20,STEVENS,CNJ08-401,S1,1,CNJ98-325-33,VAC_155005_P011_WC04
CNJ08-401-38,NJ96-20,STEVENS,CNJ08-401,S1,1,CNJ98-325-33,VAC_155005_P011_WE02
CNJ08-401-39,NJ96-20,STEVENS,CNJ08-401,S1,1,CNJ98-325-33,VAC_155005_P012_WF12
CNJ08-401-40,NJ96-20,STEVENS,CNJ08-401,S1,1,CNJ98-325-33,VAC_155005_P013_WB07
CNJ08-401-41,NJ96-20,STEVENS,CNJ08-401,S1,1,CNJ98-325-33,VAC_155005_P010_WD08
CNJ08-401-44-A,NJ96-20,STEVENS,CNJ08-401,S1,1,CNJ98-325-33,VAC_155005_P011_WF01
CNJ08-401-44-B,NJ96-20,STEVENS,CNJ08-401,S1,1,CNJ98-325-33,VAC_155005_P013_WD09
CNJ08-401-46,NJ96-20,STEVENS,CNJ08-401,S1,1,CNJ98-325-33,VAC_155005_P011_WH10
CNJ08-401-47,NJ96-20,STEVENS,CNJ08-401,S1,1,CNJ98-325-33,VAC_155005_P012_WG11
CNJ08-401-48,NJ96-20,STEVENS,CNJ08-401,S1,1,CNJ98-325-33,VAC_155005_P010_WA09
CNJ08-401-49,NJ96-20,STEVENS,CNJ08-401,S1,1,CNJ98-325-33,VAC_155005_P010_WG04
CNJ08-401-50,NJ96-20,STEVENS,CNJ08-401,S1,1,CNJ98-325-33,VAC_155005_P013_WE01
CNJ08-401-51,NJ96-20,STEVENS,CNJ08-401,S1,1,CNJ98-325-33,VAC_155005_P011_WE03
CNJ08-401-52,NJ96-20,STEVENS,CNJ08-401,S1,1,CNJ98-325-33,VAC_155005_P013_WA03
CNJ08-401-53,NJ96-20,STEVENS,CNJ08-401,S1,1,CNJ98-325-33,VAC_155005_P010_WD12
CNJ08-401-54,NJ96-20,STEVENS,CNJ08-401,S1,1,CNJ98-325-33,VAC_155005_P011_WG10
CNJ08-401-55,NJ96-20,STEVENS,CNJ08-401,S1,1,CNJ98-325-33,VAC_155005_P010_WA03
CNJ08-401-56,NJ96-20,STEVENS,CNJ08-401,S1,1,CNJ98-325-33,VAC_155005_P012_WF06
CNJ08-401-57,NJ96-20,STEVENS,CNJ08-401,S1,1,CNJ98-325-33,VAC_155005_P011_WB04
CNJ08-401-58,NJ96-20,STEVENS,CNJ08-401,S1,1,CNJ98-325-33,VAC_155005_P010_WG11
CNJ08-401-59,NJ96-20,STEVENS,CNJ08-401,S1,1,CNJ98-325-33,VAC_155005_P010_WE01
CNJ08-401-60,NJ96-20,STEVENS,CNJ08-401,S1,1,CNJ98-325-33,VAC_155005_P011_WG12
CNJ08-401-61,NJ96-20,STEVENS,CNJ08-401,S1,1,CNJ98-325-33,VAC_155005_P011_WG02
CNJ08-401-62,NJ96-20,STEVENS,CNJ08-401,S1,1,CNJ98-325-33,VAC_155005_P011_WE01
CNJ08-401-63,NJ96-20,STEVENS,CNJ08-401,S1,1,CNJ98-325-33,VAC_155005_P010_WH04
CNJ08-401-64,NJ96-20,STEVENS,CNJ08-401,S1,1,CNJ98-325-33,VAC_155005_P011_WF06
CNJ08-401-65,NJ96-20,STEVENS,CNJ08-401,S1,1,CNJ98-325-33,VAC_155005_P010_WE03
CNJ08-401-66,NJ96-20,STEVENS,CNJ08-401,S1,1,CNJ98-325-33,VAC_155005_P012_WC07
CNJ08-401-68,NJ96-20,STEVENS,CNJ08-401,S1,1,CNJ98-325-33,VAC_155005_P011_WH01
CNJ08-401-69,NJ96-20,STEVENS,CNJ08-401,S1,1,CNJ98-325-33,VAC_155005_P011_WD07
CNJ08-401-71,NJ96-20,STEVENS,CNJ08-401,S1,1,CNJ98-325-33,VAC_155005_P011_WG04
CNJ08-401-72,NJ96-20,STEVENS,CNJ08-401,S1,1,CNJ98-325-33,VAC_155005_P011_WA05
CNJ08-401-73,NJ96-20,STEVENS,CNJ08-401,S1,1,CNJ98-325-33,VAC_155005_P012_WE08
CNJ08-401-75,NJ96-20,STEVENS,CNJ08-401,S1,1,CNJ98-325-33,VAC_155005_P011_WG06
CNJ08-401-76,NJ96-20,STEVENS,CNJ08-401,S1,1,CNJ98-325-33,VAC_155005_P012_WB10
CNJ08-401-78,NJ96-20,STEVENS,CNJ08-401,S1,1,CNJ98-325-33,VAC_155005_P012_WF09
CNJ08-401-80,NJ96-20,STEVENS,CNJ08-401,S1,1,CNJ98-325-33,VAC_155005_P011_WE04
CNJ08-401-81,NJ96-20,STEVENS,CNJ08-401,S1,1,CNJ98-325-33,
CNJ08-401-82,NJ96-20,STEVENS,CNJ08-401,S1,1,CNJ98-325-33,VAC_155005_P010_WD10
CNJ08-401-83,NJ96-20,STEVENS,CNJ08-401,S1,1,CNJ98-325-33,VAC_155005_P012_WE03
CNJ08-401-84,NJ96-20,STEVENS,CNJ08-401,S1,1,CNJ98-325-33,VAC_155005_P010_WC12
CNJ08-401-85,NJ96-20,STEVENS,CNJ08-401,S1,1,CNJ98-325-33,VAC_155005_P010_WB02
CNJ08-401-87,NJ96-20,STEVENS,CNJ08-401,S1,1,CNJ98-325-33,VAC_155005_P011_WE10
CNJ08-401-88,NJ96-20,STEVENS,CNJ08-401,S1,1,CNJ98-325-33,VAC_155005_P013_WB04
CNJ08-401-89,NJ96-20,STEVENS,CNJ08-401,S1,1,CNJ98-325-33,VAC_155005_P010_WF10
CNJ08-401-90,NJ96-20,STEVENS,CNJ08-401,S1,1,CNJ98-325-33,VAC_155005_P010_WF03
CNJ08-401-91,NJ96-20,STEVENS,CNJ08-401,S1,1,CNJ98-325-33,VAC_155005_P012_WH02
CNJ08-401-92,NJ96-20,STEVENS,CNJ08-401,S1,1,CNJ98-325-33,VAC_155005_P012_WD03
CNJ08-401-93,NJ96-20,STEVENS,CNJ08-401,S1,1,CNJ98-325-33,VAC_155005_P012_WH06
CNJ08-401-96,NJ96-20,STEVENS,CNJ08-401,S1,1,CNJ98-325-33,VAC_155005_P011_WE08
CNJ08-401-97,NJ96-20,STEVENS,CNJ08-401,S1,1,CNJ98-325-33,VAC_155005_P012_WF04
CNJ08-401-98,NJ96-20,STEVENS,CNJ08-401,S1,1,CNJ98-325-33,VAC_155005_P013_WA05
CNJ08-401-99,NJ96-20,STEVENS,CNJ08-401,S1,1,CNJ98-325-33,VAC_155005_P013_WC10
CNJ08-401-100-A,NJ96-20,STEVENS,CNJ08-401,S1,1,CNJ98-325-33,VAC_155005_P010_WH05
CNJ08-401-100-B,NJ96-20,STEVENS,CNJ08-401,S1,1,CNJ98-325-33,
CNJ08-401-102,NJ96-20,STEVENS,CNJ08-401,S1,1,CNJ98-325-33,VAC_155005_P010_WG12
CNJ08-401-103,NJ96-20,STEVENS,CNJ08-401,S1,1,CNJ98-325-33,VAC_155005_P011_WH08
CNJ08-401-104,NJ96-20,STEVENS,CNJ08-401,S1,1,CNJ98-325-33,VAC_155005_P013_WH09
CNJ08-401-105,NJ96-20,STEVENS,CNJ08-401,S1,1,CNJ98-325-33,VAC_155005_P012_WB01
CNJ08-401-106,NJ96-20,STEVENS,CNJ08-401,S1,1,CNJ98-325-33,VAC_155005_P010_WH01
CNJ08-401-107,NJ96-20,STEVENS,CNJ08-401,S1,1,CNJ98-325-33,VAC_155005_P010_WA01
CNJ08-401-108,NJ96-20,STEVENS,CNJ08-401,S1,1,CNJ98-325-33,VAC_155005_P011_WF04
CNJ08-401-109,NJ96-20,STEVENS,CNJ08-401,S1,1,CNJ98-325-33,VAC_155005_P011_WG05
CNJ08-401-110,NJ96-20,STEVENS,CNJ08-401,S1,1,CNJ98-325-33,
CNJ08-401-111,NJ96-20,STEVENS,CNJ08-401,S1,1,CNJ98-325-33,
CNJ08-401-112,NJ96-20,STEVENS,CNJ08-401,S1,1,CNJ98-325-33,VAC_155005_P010_WE10
CNJ08-401-113,NJ96-20,STEVENS,CNJ08-401,S1,1,CNJ98-325-33,VAC_155005_P012_WH07
CNJ08-401-114,NJ96-20,STEVENS,CNJ08-401,S1,1,CNJ98-325-33,VAC_155005_P010_WC04
CNJ08-401-115,NJ96-20,STEVENS,CNJ08-401,S1,1,CNJ98-325-33,VAC_155005_P012_WC12
CNJ08-401-116,NJ96-20,STEVENS,CNJ08-401,S1,1,CNJ98-325-33,VAC_155005_P011_WH12
CNJ08-401-117,NJ96-20,STEVENS,CNJ08-401,S1,1,CNJ98-325-33,VAC_155005_P013_WC07
CNJ08-401-118,NJ96-20,STEVENS,CNJ08-401,S1,1,CNJ98-325-33,VAC_155005_P011_WH05
CNJ08-401-119,NJ96-20,STEVENS,CNJ08-401,S1,1,CNJ98-325-33,VAC_155005_P013_WA10
CNJ08-401-120,NJ96-20,STEVENS,CNJ08-401,S1,1,CNJ98-325-33,VAC_155005_P011_WH07
CNJ08-401-121,NJ96-20,STEVENS,CNJ08-401,S1,1,CNJ98-325-33,VAC_155005_P013_WD08
CNJ08-401-122,NJ96-20,STEVENS,CNJ08-401,S1,1,CNJ98-325-33,VAC_155005_P013_WH08
CNJ08-401-123,NJ96-20,STEVENS,CNJ08-401,S1,1,CNJ98-325-33,VAC_155005_P012_WE01
CNJ08-401-124,NJ96-20,STEVENS,CNJ08-401,S1,1,CNJ98-325-33,VAC_155005_P013_WC03
CNJ08-401-125,NJ96-20,STEVENS,CNJ08-401,S1,1,CNJ98-325-33,VAC_155005_P011_WF09
CNJ08-401-126,NJ96-20,STEVENS,CNJ08-401,S1,1,CNJ98-325-33,VAC_155005_P010_WF01
CNJ08-401-127,NJ96-20,STEVENS,CNJ08-401,S1,1,CNJ98-325-33,VAC_155005_P013_WE07
CNJ08-401-128,NJ96-20,STEVENS,CNJ08-401,S1,1,CNJ98-325-33,VAC_155005_P010_WF12
CNJ08-401-129,NJ96-20,STEVENS,CNJ08-401,S1,1,CNJ98-325-33,VAC_155005_P013_WB05
CNJ08-401-130,NJ96-20,STEVENS,CNJ08-401,S1,1,CNJ98-325-33,VAC_155005_P010_WF02
CNJ08-401-131,NJ96-20,STEVENS,CNJ08-401,S1,1,CNJ98-325-33,VAC_155005_P012_WD09
CNJ08-401-132,NJ96-20,STEVENS,CNJ08-401,S1,1,CNJ98-325-33,VAC_155005_P010_WA10
CNJ08-401-133,NJ96-20,STEVENS,CNJ08-401,S1,1,CNJ98-325-33,VAC_155005_P013_WF01
CNJ08-401-134,NJ96-20,STEVENS,CNJ08-401,S1,1,CNJ98-325-33,VAC_155005_P010_WD09
CNJ08-401-135,NJ96-20,STEVENS,CNJ08-401,S1,1,CNJ98-325-33,VAC_155005_P010_WC05
CNJ08-401-136,NJ96-20,STEVENS,CNJ08-401,S1,1,CNJ98-325-33,VAC_155005_P012_WE10
CNJ08-401-137,NJ96-20,STEVENS,CNJ08-401,S1,1,CNJ98-325-33,VAC_155005_P011_WC05
CNJ08-401-138,NJ96-20,STEVENS,CNJ08-401,S1,1,CNJ98-325-33,VAC_155005_P012_WB06
CNJ08-401-139,NJ96-20,STEVENS,CNJ08-401,S1,1,CNJ98-325-33,VAC_155005_P010_WF06
CNJ08-401-140,NJ96-20,STEVENS,CNJ08-401,S1,1,CNJ98-325-33,VAC_155005_P010_WB12
CNJ08-401-141,NJ96-20,STEVENS,CNJ08-401,S1,1,CNJ98-325-33,VAC_155005_P013_WD04
CNJ08-401-142,NJ96-20,STEVENS,CNJ08-401,S1,1,CNJ98-325-33,VAC_155005_P013_WF10
CNJ08-401-143,NJ96-20,STEVENS,CNJ08-401,S1,1,CNJ98-325-33,VAC_155005_P011_WD01
CNJ08-401-144,NJ96-20,STEVENS,CNJ08-401,S1,1,CNJ98-325-33,VAC_155005_P012_WF11
CNJ08-401-145,NJ96-20,STEVENS,CNJ08-401,S1,1,CNJ98-325-33,VAC_155005_P013_WE11
CNJ08-401-146,NJ96-20,STEVENS,CNJ08-401,S1,1,CNJ98-325-33,VAC_155005_P010_WB03
CNJ08-401-147,NJ96-20,STEVENS,CNJ08-401,S1,1,CNJ98-325-33,VAC_155005_P010_WE11
CNJ08-401-148,NJ96-20,STEVENS,CNJ08-401,S1,1,CNJ98-325-33,VAC_155005_P011_WD04
CNJ08-401-150,NJ96-20,STEVENS,CNJ08-401,S1,1,CNJ98-325-33,VAC_155005_P013_WH11
CNJ08-401-151,NJ96-20,STEVENS,CNJ08-401,S1,1,CNJ98-325-33,VAC_155005_P012_WA06
CNJ08-401-152,NJ96-20,STEVENS,CNJ08-401,S1,1,CNJ98-325-33,
CNJ08-401-153,NJ96-20,STEVENS,CNJ08-401,S1,1,CNJ98-325-33,VAC_155005_P012_WE11
CNJ08-401-154,NJ96-20,STEVENS,CNJ08-401,S1,1,CNJ98-325-33,VAC_155005_P013_WC05
CNJ08-401-155,NJ96-20,STEVENS,CNJ08-401,S1,1,CNJ98-325-33,VAC_155005_P010_WA02
CNJ08-401-156,NJ96-20,STEVENS,CNJ08-401,S1,1,CNJ98-325-33,VAC_155005_P011_WE07
CNJ08-401-158,NJ96-20,STEVENS,CNJ08-401,S1,1,CNJ98-325-33,VAC_155005_P013_WE04
CNJ08-401-159,NJ96-20,STEVENS,CNJ08-401,S1,1,CNJ98-325-33,VAC_155005_P010_WA04
CNJ08-401-160,NJ96-20,STEVENS,CNJ08-401,S1,1,CNJ98-325-33,VAC_155005_P013_WH07
CNJ08-401-162,NJ96-20,STEVENS,CNJ08-401,S1,1,CNJ98-325-33,VAC_155005_P013_WC02
CNJ08-401-163,NJ96-20,STEVENS,CNJ08-401,S1,1,CNJ98-325-33,VAC_155005_P011_WH09
CNJ08-401-165,NJ96-20,STEVENS,CNJ08-401,S1,1,CNJ98-325-33,VAC_155005_P013_WE02
CNJ08-401-166,NJ96-20,STEVENS,CNJ08-401,S1,1,CNJ98-325-33,VAC_155005_P011_WD08
CNJ11-34-1,NJ96-20,STEVENS,CNJ11-034,S1,1,CNJ98-325-33,VAC_155005_P012_WG04
CNJ11-34-2,NJ96-20,STEVENS,CNJ11-034,S1,1,CNJ98-325-33,VAC_155005_P011_WD11
CNJ11-34-3,NJ96-20,STEVENS,CNJ11-034,S1,1,CNJ98-325-33,VAC_155005_P010_WD04
CNJ11-34-5,NJ96-20,STEVENS,CNJ11-034,S1,1,CNJ98-325-33,VAC_155005_P013_WB11
CNJ11-34-6,NJ96-20,STEVENS,CNJ11-034,S1,1,CNJ98-325-33,VAC_155005_P010_WG09
CNJ11-34-7,NJ96-20,STEVENS,CNJ11-034,S1,1,CNJ98-325-33,VAC_155005_P013_WH02
CNJ11-34-8,NJ96-20,STEVENS,CNJ11-034,S1,1,CNJ98-325-33,VAC_155005_P012_WE09
CNJ11-34-9,NJ96-20,STEVENS,CNJ11-034,S1,1,CNJ98-325-33,VAC_155005_P013_WA09
CNJ11-34-10,NJ96-20,STEVENS,CNJ11-034,S1,1,CNJ98-325-33,VAC_155005_P011_WA10
CNJ11-34-11,NJ96-20,STEVENS,CNJ11-034,S1,1,CNJ98-325-33,VAC_155005_P012_WG02
CNJ11-34-12,NJ96-20,STEVENS,CNJ11-034,S1,1,CNJ98-325-33,VAC_155005_P013_WE08
CNJ11-34-13,NJ96-20,STEVENS,CNJ11-034,S1,1,CNJ98-325-33,VAC_155005_P012_WB09
CNJ11-34-14,NJ96-20,STEVENS,CNJ11-034,S1,1,CNJ98-325-33,VAC_155005_P011_WA11
CNJ11-34-15,NJ96-20,STEVENS,CNJ11-034,S1,1,CNJ98-325-33,
CNJ11-34-16,NJ96-20,STEVENS,CNJ11-034,S1,1,CNJ98-325-33,VAC_155005_P011_WA12
CNJ11-34-17,NJ96-20,STEVENS,CNJ11-034,S1,1,CNJ98-325-33,
CNJ11-34-18,NJ96-20,STEVENS,CNJ11-034,S1,1,CNJ98-325-33,VAC_155005_P013_WD01
CNJ11-34-19,NJ96-20,STEVENS,CNJ11-034,S1,1,CNJ98-325-33,VAC_155005_P013_WD03
CNJ11-34-20,NJ96-20,STEVENS,CNJ11-034,S1,1,CNJ98-325-33,VAC_155005_P010_WC08
CNJ11-34-21,NJ96-20,STEVENS,CNJ11-034,S1,1,CNJ98-325-33,VAC_155005_P012_WH10
CNJ11-34-22,NJ96-20,STEVENS,CNJ11-034,S1,1,CNJ98-325-33,VAC_155005_P011_WE09
CNJ11-34-23,NJ96-20,STEVENS,CNJ11-034,S1,1,CNJ98-325-33,VAC_155005_P011_WF05
CNJ11-34-24,NJ96-20,STEVENS,CNJ11-034,S1,1,CNJ98-325-33,VAC_155005_P013_WA11
CNJ11-34-25,NJ96-20,STEVENS,CNJ11-034,S1,1,CNJ98-325-33,VAC_155005_P011_WF08
CNJ11-34-26,NJ96-20,STEVENS,CNJ11-034,S1,1,CNJ98-325-33,VAC_155005_P012_WG06
CNJ11-34-27,NJ96-20,STEVENS,CNJ11-034,S1,1,CNJ98-325-33,VAC_155005_P012_WG03
CNJ11-34-28,NJ96-20,STEVENS,CNJ11-034,S1,1,CNJ98-325-33,VAC_155005_P011_WF12
CNJ11-34-29,NJ96-20,STEVENS,CNJ11-034,S1,1,CNJ98-325-33,VAC_155005_P010_WH12
STEVENS,,,,parent,0,,VAC_155005_P013_WE12
NJ96-20,,,,parent,0,,VAC_155005_P013_WC12
BEN_LEAR,,,,parent,0,,VAC_155003_P001_WE01
NJ96-127,,,,parent,0,,VAC_155005_P013_WD12
CNJ98-325-33,,,,S0,0,,VAC_155005_P010_WE02
CNJ98-309-19,,,,S0,0,,VAC_155005_P010_WD02